User_Name,User_Score,Post_URL,Posted_Time
lank3y,2,www.reddit.com/r/Jokes/comments/97zd7h/how_many_divorced_men_does_it_take_to_screw_in_a/,2018-08-17 12:38:42
raindropsandrainbows,0,www.reddit.com/r/Jokes/comments/97zc66/which_animal_is_the_least_trustworthy/,2018-08-17 12:33:45
FMural,2,www.reddit.com/r/Jokes/comments/97zbuv/did_you_hear_the_one_about_the_worlds_first/,2018-08-17 12:32:11
OzzyAtom,3,www.reddit.com/r/Jokes/comments/97zbur/a_woman_was_walking_with_her_3_children/,2018-08-17 12:32:10
thedecoyrobot,4,www.reddit.com/r/Jokes/comments/97zaus/i_met_a_jewish_girl_today_and_she_asked_for_my/,2018-08-17 12:27:37
xashburner24,4,www.reddit.com/r/Jokes/comments/97zah3/want_to_hear_a_joke_about_ghosts/,2018-08-17 12:25:47
ArcWalrus,0,www.reddit.com/r/Jokes/comments/97zagx/whats_the_difference_between_swine_flu_and_bird/,2018-08-17 12:25:45
TheToitestofNups,0,www.reddit.com/r/Jokes/comments/97za3h/how_are_crows_and_american_school_children_the/,2018-08-17 12:23:55
plumbermat,1,www.reddit.com/r/Jokes/comments/97z9vw/a_boy_asks_his_father_what_a_pussy_looks_like/,2018-08-17 12:22:55
Breadman_W,5,www.reddit.com/r/Jokes/comments/97z8p2/i_once_knew_a_guy_with_5_penises/,2018-08-17 12:17:21
Muttandcheese,3,www.reddit.com/r/Jokes/comments/97z7nl/what_do_you_call_a_man_with_three_legs/,2018-08-17 12:12:46
Pupperino12,24,www.reddit.com/r/Jokes/comments/97z6nh/son_mom_dad_im_gay/,2018-08-17 12:08:12
lank3y,2,www.reddit.com/r/Jokes/comments/97z6i1/bob_turns_to_john_who_is_about_to_board_a_plane/,2018-08-17 12:07:31
Ayru_,0,www.reddit.com/r/Jokes/comments/97z5y2/randall_theres_a_cow_outside/,2018-08-17 12:05:04
msngupta,4,www.reddit.com/r/Jokes/comments/97z3bf/a_pious_man_was_lost_in_an_island_alone/,2018-08-17 11:53:31
NikonDexter,0,www.reddit.com/r/Jokes/comments/97z1vk/jokes/,2018-08-17 11:46:52
DaddyNihlism,3,www.reddit.com/r/Jokes/comments/97z1r0/what_do_toy_batmobiles_run_on/,2018-08-17 11:46:21
ihatefallon,18,www.reddit.com/r/Jokes/comments/97z1hy/a_boy_asks_his_mom_is_it_bad_to_have_a_penis/,2018-08-17 11:45:16
jiggaboombox,4,www.reddit.com/r/Jokes/comments/97z0zp/i_dont_get_why_people_say_cancer_is_hard_to_beat/,2018-08-17 11:42:56
Not_my_day151,0,www.reddit.com/r/Jokes/comments/97z0x6/aretha_franklin_tripped/,2018-08-17 11:42:35
Theorginalposter,0,www.reddit.com/r/Jokes/comments/97z0sd/what_does_the_r_stand_for_in_rjokes/,2018-08-17 11:42:01
torster2,5,www.reddit.com/r/Jokes/comments/97z06k/a_detective_walked_over_to_his_car/,2018-08-17 11:39:10
-Init-,4,www.reddit.com/r/Jokes/comments/97yz2v/you_know_who_sucks/,2018-08-17 11:34:10
The_Real_Blue_Giant,3,www.reddit.com/r/Jokes/comments/97yxqa/what_types_of_birds_produce_the_best_milk/,2018-08-17 11:27:48
EndlessCookies,2,www.reddit.com/r/Jokes/comments/97yxo9/why_do_law_students_drink_so_much/,2018-08-17 11:27:30
BShears,2,www.reddit.com/r/Jokes/comments/97yvg1/wanna_know_why_i_named_my_dick_vanzetti_oc/,2018-08-17 11:17:54
Authorman1986,0,www.reddit.com/r/Jokes/comments/97yunk/some_jackass_was_trying_to_tell_me_that_a_new/,2018-08-17 11:14:33
teleuser,0,www.reddit.com/r/Jokes/comments/97yug0/how_to_draw_a_perfect_world_map/,2018-08-17 11:13:40
Butternoob2000,7,www.reddit.com/r/Jokes/comments/97ysxm/what_do_athletic_ninjas_wear/,2018-08-17 11:07:11
kwik-mafs,39,www.reddit.com/r/Jokes/comments/97yskw/a_photon_walks_into_a_hotel_and_orders_a_room_the/,2018-08-17 11:05:41
ZythRill,0,www.reddit.com/r/Jokes/comments/97yq9m/a_cnn_reporter_has_an_interview_with_the_pope/,2018-08-17 10:55:50
Toprelemons,0,www.reddit.com/r/Jokes/comments/97yq8m/what_is_thanoss_favorite_way_to_take_pictures/,2018-08-17 10:55:45
tripletimmytoo,6,www.reddit.com/r/Jokes/comments/97yq6o/i_dont_know_what_the_fuss_is_about_altright/,2018-08-17 10:55:29
LoganBenjaminC,5,www.reddit.com/r/Jokes/comments/97yoyn/what_do_you_call_people_that_vape/,2018-08-17 10:50:14
ihatefallon,5,www.reddit.com/r/Jokes/comments/97yow5/why_are_women_like_kfc/,2018-08-17 10:49:52
tyroneluvsmom,4,www.reddit.com/r/Jokes/comments/97yngd/what_do_you_call_a_bar_that_sells_cocaine_oc/,2018-08-17 10:43:54
Leftygoleft999,0,www.reddit.com/r/Jokes/comments/97ymz2/what_do_rodney_dangerfield_and_aretha_franklin/,2018-08-17 10:41:58
Donduder,2,www.reddit.com/r/Jokes/comments/97ykvn/chuck_norris/,2018-08-17 10:33:20
WhenWillIFindAName,3,www.reddit.com/r/Jokes/comments/97yk6u/the_limbo_champion_went_to_the_bathroom/,2018-08-17 10:30:38
StreamPirate,1,www.reddit.com/r/Jokes/comments/97yhuo/a_man_got_very_bad_news_from_the_doctor/,2018-08-17 10:20:27
steboy,0,www.reddit.com/r/Jokes/comments/97yher/have_you_seen_the_usain_bolt_documentary_on/,2018-08-17 10:18:35
AutisticSmartGeek,20,www.reddit.com/r/Jokes/comments/97ye10/some_guy_is_looking_for_a_job/,2018-08-17 10:04:34
Treeofwisdom62,0,www.reddit.com/r/Jokes/comments/97ydis/what_did_the_leprechaun_find_at_the_end_of_the/,2018-08-17 10:02:30
harefulspaz,0,www.reddit.com/r/Jokes/comments/97ybu5/a_man_went_to_the_store/,2018-08-17 09:55:49
the_roosh,0,www.reddit.com/r/Jokes/comments/97ybrv/the_voucher_for_a_free_wank_i_got_might_be_useful/,2018-08-17 09:55:31
myckol,0,www.reddit.com/r/Jokes/comments/97yath/what_did_ukrainians_sing_when_crimea_was_annexed/,2018-08-17 09:51:36
zinkelburger,0,www.reddit.com/r/Jokes/comments/97yajr/a_blind_man_walks_into_a_bar/,2018-08-17 09:50:33
ClintEatswood_,7,www.reddit.com/r/Jokes/comments/97y8ep/i_have_my_suspicions_my_vet_might_be_gay/,2018-08-17 09:42:12
tyler_sykes00,6,www.reddit.com/r/Jokes/comments/97y8d2/you_have_to_be_careful_when_having_a_foot_fetish/,2018-08-17 09:41:59
Tezea,0,www.reddit.com/r/Jokes/comments/97y7ho/what_we_inherit/,2018-08-17 09:38:21
capta1n_sarcasm,1,www.reddit.com/r/Jokes/comments/97y75w/a_man_in_a_nice_suit_walks_into_a_bar/,2018-08-17 09:36:59
Flowingfoam,9,www.reddit.com/r/Jokes/comments/97y6qr/i_personally_dont_believe_in_bros_before_hoes_or/,2018-08-17 09:35:15
Wolfnagi,6,www.reddit.com/r/Jokes/comments/97y6nu/why_does_it_take_millions_of_sperm_to_fertilize/,2018-08-17 09:34:52
iam4real,2,www.reddit.com/r/Jokes/comments/97y5fy/i_tried_reverse_psychology_on_my_child/,2018-08-17 09:29:56
The_Real_Tackleberry,28,www.reddit.com/r/Jokes/comments/97y4sf/two_gay_guys_and_a_homeless_guy/,2018-08-17 09:27:17
12345meaw,52,www.reddit.com/r/Jokes/comments/97y4c0/lost_in_costco_a_young_man_and_an_old_man/,2018-08-17 09:25:27
TheMeatWhistle45,9,www.reddit.com/r/Jokes/comments/97y2fp/two_irishmen_were_fishing_in_a_boat/,2018-08-17 09:17:38
UnstableStrafe,0,www.reddit.com/r/Jokes/comments/97y26v/doctor_im_sorry_to_tell_you_this/,2018-08-17 09:16:44
CommunistAntartica,3,www.reddit.com/r/Jokes/comments/97y1g6/im_pretty_good_at/,2018-08-17 09:13:45
TheUnstoppables,8,www.reddit.com/r/Jokes/comments/97y18a/police_officer/,2018-08-17 09:12:54
Eastonator12,2,www.reddit.com/r/Jokes/comments/97xzzh/did_you_hear_about_the_feminist_picnic/,2018-08-17 09:07:48
PHD_Memer,3,www.reddit.com/r/Jokes/comments/97xzsz/and_education_is_always_a_positive_thing/,2018-08-17 09:07:01
abdulsamads,2,www.reddit.com/r/Jokes/comments/97xzhr/my_humor_is_so_dark/,2018-08-17 09:05:45
porichoygupto,33,www.reddit.com/r/Jokes/comments/97xzbt/all_my_friends_are_constantly_complaining_that_im/,2018-08-17 09:05:10
-CrestiaBell,5,www.reddit.com/r/Jokes/comments/97xyie/a_friend_of_mine_was_caught_in_an_airplane_turbine/,2018-08-17 09:01:54
moon_man17,0,www.reddit.com/r/Jokes/comments/97xy7u/i_always_wonder_how_rapists_never_get_caught/,2018-08-17 09:00:51
Insendi,0,www.reddit.com/r/Jokes/comments/97xvu2/son_dad_im_having_trouble_reading_dad_dont_worry/,2018-08-17 08:51:06
drollia,118,www.reddit.com/r/Jokes/comments/97xv9r/last_week_a_group_of_hells_angels_bikers_were/,2018-08-17 08:48:55
zacharyzaz,1,www.reddit.com/r/Jokes/comments/97xugo/why_cant_you_email_photos_to_jedi/,2018-08-17 08:45:48
AUorAG,13,www.reddit.com/r/Jokes/comments/97xtvi/a_guy_finds_a_genie_bottle/,2018-08-17 08:43:28
Im_not_aidan,15,www.reddit.com/r/Jokes/comments/97xrjf/breaking_news_500000_worth_of_red_bull_stolen_in/,2018-08-17 08:34:17
monkeyjunks,6,www.reddit.com/r/Jokes/comments/97xqwq/why_do_americans_choose_from_only_2_people_for/,2018-08-17 08:31:33
Jackokill18,2,www.reddit.com/r/Jokes/comments/97xnyd/what_disability_does_every_politician_share/,2018-08-17 08:19:54
porichoygupto,13,www.reddit.com/r/Jokes/comments/97xnq6/i_am_driving_through_england_and_im_supposed_to/,2018-08-17 08:19:03
Rstein656,28,www.reddit.com/r/Jokes/comments/97xmxl/how_much_room_do_you_need_to_grow_fungus/,2018-08-17 08:16:07
catonmyshoulder69,7,www.reddit.com/r/Jokes/comments/97xkfo/started_seeing_this_amazing_girl_in_a_wheelchair/,2018-08-17 08:07:53
TiBlode,4,www.reddit.com/r/Jokes/comments/97xjnp/a_priest_living_on_a_farm_woke_up_one_morning_and/,2018-08-17 08:04:42
Skout107,2,www.reddit.com/r/Jokes/comments/97xhmd/i_dont_like_thats_what_she_said_jokes/,2018-08-17 07:56:48
Sondremkl,13,www.reddit.com/r/Jokes/comments/97xhao/i_love_to_tell_cheesy_jokes/,2018-08-17 07:55:30
BananaDargon,52,www.reddit.com/r/Jokes/comments/97xha7/a_man_in_an_interrogation_room_says_im_not_saying/,2018-08-17 07:55:26
vitriolity,10,www.reddit.com/r/Jokes/comments/97xgkl/a_nun_turns_her_bicycle_down_an_unfamiliar/,2018-08-17 07:52:37
dankamushy,1,www.reddit.com/r/Jokes/comments/97xev7/one_extremely_important_thing_to_remember_when/,2018-08-17 07:45:57
TiBlode,96,www.reddit.com/r/Jokes/comments/97xefo/a_son_ask_his_dad_to_explain_the_difference/,2018-08-17 07:44:17
KashMoney941,3,www.reddit.com/r/Jokes/comments/97xdw4/making_a_joke_about_a_celebritys_death/,2018-08-17 07:42:07
PhilipWaterford,11,www.reddit.com/r/Jokes/comments/97xdhr/i_think_francesca_wants_a_sex_change/,2018-08-17 07:40:34
TidierOyster,0,www.reddit.com/r/Jokes/comments/97xbk2/bad_head_can_really_suck_but_you_know_what_also/,2018-08-17 07:33:22
PaintingJo,1,www.reddit.com/r/Jokes/comments/97xau4/heres_one_to_trigger_my_fellow_grocery_store/,2018-08-17 07:30:37
jocags,9,www.reddit.com/r/Jokes/comments/97xao5/two_drunk_buddies/,2018-08-17 07:30:01
gnolema5011,14,www.reddit.com/r/Jokes/comments/97xakm/the_golden_rat/,2018-08-17 07:29:32
JesusInTheButt,3,www.reddit.com/r/Jokes/comments/97xa3c/i_cant_walk_on_water/,2018-08-17 07:27:41
HiddenOutsideTheBox,7,www.reddit.com/r/Jokes/comments/97x96n/what_does_a_rapist_say_when_you_tell_them_a_joke/,2018-08-17 07:24:00
dudecancode,2,www.reddit.com/r/Jokes/comments/97x8jy/who_made_king_arthur_very_anxious/,2018-08-17 07:21:40
NovelApprentice,8,www.reddit.com/r/Jokes/comments/97x7pz/how_does_a_german_baker_greet_his_customers/,2018-08-17 07:18:26
derxoselur,12,www.reddit.com/r/Jokes/comments/97x7c2/my_girlfriend_has_the_body_of_scarlett_johansson/,2018-08-17 07:17:02
mapkin,13,www.reddit.com/r/Jokes/comments/97x4yz/statistically_older_people_are_the_most_common/,2018-08-17 07:08:33
RedditNurseBot,7,www.reddit.com/r/Jokes/comments/97x45y/a_new_nun_goes_to_confession/,2018-08-17 07:05:40
theshandyman_,2,www.reddit.com/r/Jokes/comments/97x3ql/studies_show_that_lithium_can_significantly/,2018-08-17 07:04:08
zuluportero,0,www.reddit.com/r/Jokes/comments/97x3mh/i_hate_vacuum_cleaners/,2018-08-17 07:03:40
Velo2,7,www.reddit.com/r/Jokes/comments/97x28l/my_wife_left_me_because_of_my_obsession_with/,2018-08-17 06:58:47
goochmongering,8,www.reddit.com/r/Jokes/comments/97x1kn/what_do_you_call_a_forgetful_kitty/,2018-08-17 06:56:14
higgabes,11,www.reddit.com/r/Jokes/comments/97x1j0/what_do_you_call_someone_who_really_loves_necks/,2018-08-17 06:56:01
nhnsn,1,www.reddit.com/r/Jokes/comments/97x1dp/i_learned_my_lesson_from_prison/,2018-08-17 06:55:28
HeroOfTime4209,6,www.reddit.com/r/Jokes/comments/97x1a2/how_do_you_find_will_smith_in_the_snow/,2018-08-17 06:55:10
TheMadSebster33,5,www.reddit.com/r/Jokes/comments/97x0p0/my_buddy_asked_where_he_could_find_a_good/,2018-08-17 06:53:05
kwik-mafs,20,www.reddit.com/r/Jokes/comments/97wzkm/a_man_was_in_a_horrific_car_accident_and_rushed/,2018-08-17 06:49:06
Th3MacDon,21,www.reddit.com/r/Jokes/comments/97wz68/a_blonde_a_brunette_and_a_redhead_walk_into_a_bar/,2018-08-17 06:47:36
tasman70,1,www.reddit.com/r/Jokes/comments/97wyds/how_do_you_tell_the_difference_between_a_snowman/,2018-08-17 06:44:42
boludolof,0,www.reddit.com/r/Jokes/comments/97wxe9/how_do_you_make_a_napkin_dance/,2018-08-17 06:40:58
